{"count":1,"self":320.169984,"total":359.15598209999996,"children":{"InitializeActuators":{"count":8,"self":0.0009988,"total":0.0009988,"children":null},"InitializeSensors":{"count":8,"self":0.0019933999999999998,"total":0.0019933999999999998,"children":null},"AgentSendState":{"count":17712,"self":0.044492199999999996,"total":0.1248922,"children":{"CollectObservations":{"count":13053,"self":0.021927099999999998,"total":0.021927099999999998,"children":null},"WriteActionMask":{"count":13053,"self":0.0054887,"total":0.0054887,"children":null},"RequestDecision":{"count":13053,"self":0.052984199999999995,"total":0.052984199999999995,"children":null}}},"DecideAction":{"count":17712,"self":38.6646304,"total":38.664631799999995,"children":null},"AgentAct":{"count":17712,"self":0.1924917,"total":0.1924917,"children":null}},"gauges":{},"metadata":{"timer_format_version":"0.1.0","start_time_seconds":"1686181433","unity_version":"2021.3.14f1","command_line_arguments":"C:\\Program Files\\Unity\\Hub\\Editor\\2021.3.14f1\\Editor\\Unity.exe -projectpath C:\\Users\\User\\Documents\\GitHub\\unity-project-2023\\Project 2023 -useHub -hubIPC -cloudEnvironment production","communication_protocol_version":"1.5.0","com.unity.ml-agents_version":"2.3.0-exp.3","scene_name":"Portal","end_time_seconds":"1686181792"}}