{"count":1,"self":53.370921599999996,"total":60.0698563,"children":{"InitializeActuators":{"count":10,"self":0.0031761999999999997,"total":0.0031761999999999997,"children":null},"InitializeSensors":{"count":10,"self":0.0030001999999999997,"total":0.0030001999999999997,"children":null},"AgentSendState":{"count":2649,"self":0.0193758,"total":0.12135009999999999,"children":{"CollectObservations":{"count":5300,"self":0.0182072,"total":0.0182072,"children":null},"WriteActionMask":{"count":5300,"self":0.0064291,"total":0.0064291,"children":null},"RequestDecision":{"count":5300,"self":0.07733799999999999,"total":0.07733799999999999,"children":null}}},"DecideAction":{"count":2649,"self":6.506736,"total":6.5067357999999995,"children":null},"AgentAct":{"count":2649,"self":0.064671899999999991,"total":0.064671899999999991,"children":null}},"gauges":{},"metadata":{"timer_format_version":"0.1.0","start_time_seconds":"1686163618","unity_version":"2021.3.14f1","command_line_arguments":"C:\\Program Files\\Unity\\Hub\\Editor\\2021.3.14f1\\Editor\\Unity.exe -projectpath D:\\Rinbow\\Programs\\Github\\LinBoRui\\unity-project-2023\\Project 2023 -useHub -hubIPC -cloudEnvironment production","communication_protocol_version":"1.5.0","com.unity.ml-agents_version":"2.3.0-exp.3","scene_name":"Town Parkour","end_time_seconds":"1686163678"}}