{"count":1,"self":125.66661119999999,"total":517.29480949999993,"children":{"InitializeActuators":{"count":16,"self":0.0009966,"total":0.0009966,"children":null},"InitializeSensors":{"count":16,"self":0.0010207,"total":0.0010207,"children":null},"AgentSendState":{"count":157567,"self":0.479637,"total":3.7475373,"children":{"CollectObservations":{"count":504224,"self":0.51898159999999993,"total":0.51898159999999993,"children":null},"WriteActionMask":{"count":504224,"self":0.0422702,"total":0.0422702,"children":null},"RequestDecision":{"count":504224,"self":0.3299312,"total":2.7066485,"children":{"AgentInfo.ToProto":{"count":504224,"self":0.27849419999999997,"total":2.3767172999999997,"children":{"GenerateSensorData":{"count":504224,"self":2.0982232,"total":2.0982231,"children":null}}}}}}},"DecideAction":{"count":157567,"self":383.8987264,"total":383.89872979999996,"children":null},"AgentAct":{"count":157567,"self":3.872388,"total":3.8723878999999997,"children":null},"AgentInfo.ToProto":{"count":11354,"self":0.0194993,"total":0.1075199,"children":{"GenerateSensorData":{"count":11354,"self":0.088020599999999991,"total":0.088020599999999991,"children":null}}}},"gauges":{"footman.CumulativeReward":{"count":11354,"max":600,"min":-137303.813,"runningAverage":29.2150326,"value":120,"weightedAverage":147.591644}},"metadata":{"timer_format_version":"0.1.0","start_time_seconds":"1686117954","unity_version":"2021.3.14f1","command_line_arguments":"C:\\Program Files\\Unity\\Hub\\Editor\\2021.3.14f1\\Editor\\Unity.exe -projectpath C:\\Users\\User\\Documents\\GitHub\\unity-project-2023\\Project 2023 -useHub -hubIPC -cloudEnvironment production","communication_protocol_version":"1.5.0","com.unity.ml-agents_version":"2.3.0-exp.3","scene_name":"Trainung_field 4","end_time_seconds":"1686118471"}}