{"count":1,"self":258.939008,"total":637.90487409999992,"children":{"InitializeActuators":{"count":9,"self":0.0035255,"total":0.0035255,"children":null},"InitializeSensors":{"count":9,"self":0.0025312999999999998,"total":0.0025312999999999998,"children":null},"AgentSendState":{"count":141434,"self":0.6283593,"total":3.6818603999999997,"children":{"CollectObservations":{"count":254583,"self":0.48885029999999996,"total":0.48885029999999996,"children":null},"WriteActionMask":{"count":254583,"self":0.0553098,"total":0.0553098,"children":null},"RequestDecision":{"count":254583,"self":0.4486346,"total":2.509341,"children":{"AgentInfo.ToProto":{"count":254583,"self":0.3216562,"total":2.0607064,"children":{"GenerateSensorData":{"count":254583,"self":1.7390501999999999,"total":1.7390501999999999,"children":null}}}}}}},"DecideAction":{"count":141434,"self":372.0445696,"total":372.044577,"children":null},"AgentAct":{"count":141434,"self":3.2233655999999997,"total":3.2233657,"children":null},"AgentInfo.ToProto":{"count":289,"self":0.0020174999999999998,"total":0.0090131,"children":{"GenerateSensorData":{"count":289,"self":0.0069955999999999994,"total":0.0069955999999999994,"children":null}}}},"gauges":{"OrkAssasin.CumulativeReward":{"count":289,"max":250112.313,"min":-10828.3613,"runningAverage":43418.4375,"value":54626.1055,"weightedAverage":40482.0625}},"metadata":{"timer_format_version":"0.1.0","start_time_seconds":"1686164073","unity_version":"2021.3.14f1","command_line_arguments":"C:\\Program Files\\Unity\\Hub\\Editor\\2021.3.14f1\\Editor\\Unity.exe -projectpath D:\\Rinbow\\Programs\\Github\\LinBoRui\\unity-project-2023\\Project 2023 -useHub -hubIPC -cloudEnvironment production","communication_protocol_version":"1.5.0","com.unity.ml-agents_version":"2.3.0-exp.3","scene_name":"Trainung field ork","end_time_seconds":"1686164710"}}