{"count":1,"self":310.8170752,"total":319.1438051,"children":{"InitializeActuators":{"count":9,"self":0.0020131,"total":0.0020131,"children":null},"InitializeSensors":{"count":9,"self":0.0029687999999999997,"total":0.0029687999999999997,"children":null},"AgentSendState":{"count":2640,"self":0.0181332,"total":0.557985,"children":{"CollectObservations":{"count":4752,"self":0.010000199999999999,"total":0.010000199999999999,"children":null},"WriteActionMask":{"count":4752,"self":0.0075379999999999996,"total":0.0075379999999999996,"children":null},"RequestDecision":{"count":4752,"self":0.52231359999999993,"total":0.52231359999999993,"children":null}}},"DecideAction":{"count":2640,"self":7.6871959999999993,"total":7.6871962,"children":null},"AgentAct":{"count":2640,"self":0.0765614,"total":0.0765614,"children":null}},"gauges":{},"metadata":{"timer_format_version":"0.1.0","start_time_seconds":"1686264336","unity_version":"2021.3.14f1","command_line_arguments":"C:\\Program Files\\Unity\\Hub\\Editor\\2021.3.14f1\\Editor\\Unity.exe -projectpath D:\\Rinbow\\Programs\\Github\\LinBoRui\\unity-project-2023\\Project 2023 -useHub -hubIPC -cloudEnvironment production","communication_protocol_version":"1.5.0","com.unity.ml-agents_version":"2.3.0-exp.3","scene_name":"Tutorial","end_time_seconds":"1686264656"}}